{
  "xgb_rmse": 3.9214065920165884,
  "xgb_mae": 1.7163316848964085,
  "xgb_r2": 0.9083252720447283,
  "baseline_rmse": 6.79857418904115,
  "baseline_mae": 4.047274172549196,
  "baseline_r2": 0.7244492718600977
}